0001BONUSL000000,00000013015317,D,Yearly Salary for Month :10/2019-Org_Br_0001                               
0424BONUSL000000,00000000127548,D,Yearly Salary for Month :10/2019-Org_Br_0424                               
0124BONUSL000000,00000000257468,D,Yearly Salary for Month :10/2019-Org_Br_0124                               
0406BONUSL000000,00000000213073,D,Yearly Salary for Month :10/2019-Org_Br_0406                               
0418BONUSL000000,00000000316814,D,Yearly Salary for Month :10/2019-Org_Br_0418                               
0331BONUSL000000,00000000255705,D,Yearly Salary for Month :10/2019-Org_Br_0331                               
0207BONUSL000000,00000000337928,D,Yearly Salary for Month :10/2019-Org_Br_0207                               
0238BONUSL000000,00000000168040,D,Yearly Salary for Month :10/2019-Org_Br_0238                               
0002BONUSL000000,00000001724839,D,Yearly Salary for Month :10/2019-Org_Br_0002                               
0450BONUSL000000,00000000270728,D,Yearly Salary for Month :10/2019-Org_Br_0450                               
0466BONUSL000000,00000000285335,D,Yearly Salary for Month :10/2019-Org_Br_0466                               
0309BONUSL000000,00000000326976,D,Yearly Salary for Month :10/2019-Org_Br_0309                               
0116BONUSL000000,00000000327786,D,Yearly Salary for Month :10/2019-Org_Br_0116                               
0220BONUSL000000,00000000260771,D,Yearly Salary for Month :10/2019-Org_Br_0220                               
0502BONUSL000000,00000000307458,D,Yearly Salary for Month :10/2019-Org_Br_0502                               
0123BONUSL000000,00000000254538,D,Yearly Salary for Month :10/2019-Org_Br_0123                               
0102BONUSL000000,00000000242014,D,Yearly Salary for Month :10/2019-Org_Br_0102                               
0135BONUSL000000,00000000217399,D,Yearly Salary for Month :10/2019-Org_Br_0135                               
0213BONUSL000000,00000000453630,D,Yearly Salary for Month :10/2019-Org_Br_0213                               
0404BONUSL000000,00000000211590,D,Yearly Salary for Month :10/2019-Org_Br_0404                               
0303BONUSL000000,00000000384896,D,Yearly Salary for Month :10/2019-Org_Br_0303                               
0332BONUSL000000,00000000336272,D,Yearly Salary for Month :10/2019-Org_Br_0332                               
0525BONUSL000000,00000000163344,D,Yearly Salary for Month :10/2019-Org_Br_0525                               
0307BONUSL000000,00000000246081,D,Yearly Salary for Month :10/2019-Org_Br_0307                               
0325BONUSL000000,00000000425083,D,Yearly Salary for Month :10/2019-Org_Br_0325                               
0209BONUSL000000,00000000312300,D,Yearly Salary for Month :10/2019-Org_Br_0209                               
0310BONUSL000000,00000000285380,D,Yearly Salary for Month :10/2019-Org_Br_0310                               
0210BONUSL000000,00000000716193,D,Yearly Salary for Month :10/2019-Org_Br_0210                               
0324BONUSL000000,00000000228826,D,Yearly Salary for Month :10/2019-Org_Br_0324                               
0423BONUSL000000,00000000209857,D,Yearly Salary for Month :10/2019-Org_Br_0423                               
0417BONUSL000000,00000000162277,D,Yearly Salary for Month :10/2019-Org_Br_0417                               
0233BONUSL000000,00000000376725,D,Yearly Salary for Month :10/2019-Org_Br_0233                               
0311BONUSL000000,00000000208718,D,Yearly Salary for Month :10/2019-Org_Br_0311                               
0119BONUSL000000,00000000338577,D,Yearly Salary for Month :10/2019-Org_Br_0119                               
0234BONUSL000000,00000000403054,D,Yearly Salary for Month :10/2019-Org_Br_0234                               
0206BONUSL000000,00000000261630,D,Yearly Salary for Month :10/2019-Org_Br_0206                               
0447BONUSL000000,00000000180157,D,Yearly Salary for Month :10/2019-Org_Br_0447                               
0458BONUSL000000,00000000234375,D,Yearly Salary for Month :10/2019-Org_Br_0458                               
0401BONUSL000000,00000000383723,D,Yearly Salary for Month :10/2019-Org_Br_0401                               
0514BONUSL000000,00000000159834,D,Yearly Salary for Month :10/2019-Org_Br_0514                               
0125BONUSL000000,00000000378475,D,Yearly Salary for Month :10/2019-Org_Br_0125                               
0465BONUSL000000,00000000237131,D,Yearly Salary for Month :10/2019-Org_Br_0465                               
0212BONUSL000000,00000000433440,D,Yearly Salary for Month :10/2019-Org_Br_0212                               
0432BONUSL000000,00000000190949,D,Yearly Salary for Month :10/2019-Org_Br_0432                               
0454BONUSL000000,00000000226375,D,Yearly Salary for Month :10/2019-Org_Br_0454                               
0129BONUSL000000,00000000294189,D,Yearly Salary for Month :10/2019-Org_Br_0129                               
0435BONUSL000000,00000000248040,D,Yearly Salary for Month :10/2019-Org_Br_0435                               
0409BONUSL000000,00000000157710,D,Yearly Salary for Month :10/2019-Org_Br_0409                               
0329BONUSL000000,00000000241180,D,Yearly Salary for Month :10/2019-Org_Br_0329                               
0208BONUSL000000,00000000435838,D,Yearly Salary for Month :10/2019-Org_Br_0208                               
0211BONUSL000000,00000000308314,D,Yearly Salary for Month :10/2019-Org_Br_0211                               
0312BONUSL000000,00000000554393,D,Yearly Salary for Month :10/2019-Org_Br_0312                               
0109BONUSL000000,00000000249528,D,Yearly Salary for Month :10/2019-Org_Br_0109                               
0111BONUSL000000,00000000622983,D,Yearly Salary for Month :10/2019-Org_Br_0111                               
0411BONUSL000000,00000000255658,D,Yearly Salary for Month :10/2019-Org_Br_0411                               
0433BONUSL000000,00000000264955,D,Yearly Salary for Month :10/2019-Org_Br_0433                               
0113BONUSL000000,00000000415798,D,Yearly Salary for Month :10/2019-Org_Br_0113                               
0501BONUSL000000,00000000275191,D,Yearly Salary for Month :10/2019-Org_Br_0501                               
0201BONUSL000000,00000000521017,D,Yearly Salary for Month :10/2019-Org_Br_0201                               
0313BONUSL000000,00000000585980,D,Yearly Salary for Month :10/2019-Org_Br_0313                               
0205BONUSL000000,00000000325752,D,Yearly Salary for Month :10/2019-Org_Br_0205                               
0416BONUSL000000,00000000089856,D,Yearly Salary for Month :10/2019-Org_Br_0416                               
0452BONUSL000000,00000000317075,D,Yearly Salary for Month :10/2019-Org_Br_0452                               
0315BONUSL000000,00000000273405,D,Yearly Salary for Month :10/2019-Org_Br_0315                               
0440BONUSL000000,00000000208142,D,Yearly Salary for Month :10/2019-Org_Br_0440                               
0230BONUSL000000,00000000290393,D,Yearly Salary for Month :10/2019-Org_Br_0230                               
0333BONUSL000000,00000000289124,D,Yearly Salary for Month :10/2019-Org_Br_0333                               
0308BONUSL000000,00000000380611,D,Yearly Salary for Month :10/2019-Org_Br_0308                               
0468BONUSL000000,00000000416541,D,Yearly Salary for Month :10/2019-Org_Br_0468                               
0305BONUSL000000,00000000269455,D,Yearly Salary for Month :10/2019-Org_Br_0305                               
0322BONUSL000000,00000000353028,D,Yearly Salary for Month :10/2019-Org_Br_0322                               
0463BONUSL000000,00000000256822,D,Yearly Salary for Month :10/2019-Org_Br_0463                               
0459BONUSL000000,00000000293410,D,Yearly Salary for Month :10/2019-Org_Br_0459                               
0108BONUSL000000,00000000230836,D,Yearly Salary for Month :10/2019-Org_Br_0108                               
0223BONUSL000000,00000000292916,D,Yearly Salary for Month :10/2019-Org_Br_0223                               
0101BONUSL000000,00000000254119,D,Yearly Salary for Month :10/2019-Org_Br_0101                               
0131BONUSL000000,00000000340746,D,Yearly Salary for Month :10/2019-Org_Br_0131                               
0314BONUSL000000,00000000291847,D,Yearly Salary for Month :10/2019-Org_Br_0314                               
0446BONUSL000000,00000000225299,D,Yearly Salary for Month :10/2019-Org_Br_0446                               
0105BONUSL000000,00000000384206,D,Yearly Salary for Month :10/2019-Org_Br_0105                               
0222BONUSL000000,00000000331124,D,Yearly Salary for Month :10/2019-Org_Br_0222                               
0467BONUSL000000,00000000185213,D,Yearly Salary for Month :10/2019-Org_Br_0467                               
0461BONUSL000000,00000000316078,D,Yearly Salary for Month :10/2019-Org_Br_0461                               
0118BONUSL000000,00000000275205,D,Yearly Salary for Month :10/2019-Org_Br_0118                               
0413BONUSL000000,00000000269852,D,Yearly Salary for Month :10/2019-Org_Br_0413                               
0306BONUSL000000,00000000352918,D,Yearly Salary for Month :10/2019-Org_Br_0306                               
0132BONUSL000000,00000000220320,D,Yearly Salary for Month :10/2019-Org_Br_0132                               
0456BONUSL000000,00000000348147,D,Yearly Salary for Month :10/2019-Org_Br_0456                               
0327BONUSL000000,00000000552398,D,Yearly Salary for Month :10/2019-Org_Br_0327                               
0107BONUSL000000,00000000433621,D,Yearly Salary for Month :10/2019-Org_Br_0107                               
0403BONUSL000000,00000000314336,D,Yearly Salary for Month :10/2019-Org_Br_0403                               
0103BONUSL000000,00000000308093,D,Yearly Salary for Month :10/2019-Org_Br_0103                               
0301BONUSL000000,00000000237123,D,Yearly Salary for Month :10/2019-Org_Br_0301                               
0319BONUSL000000,00000000498105,D,Yearly Salary for Month :10/2019-Org_Br_0319                               
0112BONUSL000000,00000000241163,D,Yearly Salary for Month :10/2019-Org_Br_0112                               
0410BONUSL000000,00000000322920,D,Yearly Salary for Month :10/2019-Org_Br_0410                               
0408BONUSL000000,00000000271947,D,Yearly Salary for Month :10/2019-Org_Br_0408                               
0455BONUSL000000,00000000251399,D,Yearly Salary for Month :10/2019-Org_Br_0455                               
0214BONUSL000000,00000000245777,D,Yearly Salary for Month :10/2019-Org_Br_0214                               
0121BONUSL000000,00000000159252,D,Yearly Salary for Month :10/2019-Org_Br_0121                               
0420BONUSL000000,00000000254533,D,Yearly Salary for Month :10/2019-Org_Br_0420                               
0138BONUSL000000,00000000161008,D,Yearly Salary for Month :10/2019-Org_Br_0138                               
0317BONUSL000000,00000000175198,D,Yearly Salary for Month :10/2019-Org_Br_0317                               
0221BONUSL000000,00000000312361,D,Yearly Salary for Month :10/2019-Org_Br_0221                               
0422BONUSL000000,00000000213767,D,Yearly Salary for Month :10/2019-Org_Br_0422                               
0215BONUSL000000,00000000208301,D,Yearly Salary for Month :10/2019-Org_Br_0215                               
0216BONUSL000000,00000000279378,D,Yearly Salary for Month :10/2019-Org_Br_0216                               
0323BONUSL000000,00000000543691,D,Yearly Salary for Month :10/2019-Org_Br_0323                               
0104BONUSL000000,00000000226092,D,Yearly Salary for Month :10/2019-Org_Br_0104                               
0412BONUSL000000,00000000382996,D,Yearly Salary for Month :10/2019-Org_Br_0412                               
0127BONUSL000000,00000000273496,D,Yearly Salary for Month :10/2019-Org_Br_0127                               
0414BONUSL000000,00000000247564,D,Yearly Salary for Month :10/2019-Org_Br_0414                               
0425BONUSL000000,00000000179629,D,Yearly Salary for Month :10/2019-Org_Br_0425                               
0320BONUSL000000,00000000318410,D,Yearly Salary for Month :10/2019-Org_Br_0320                               
0304BONUSL000000,00000000384591,D,Yearly Salary for Month :10/2019-Org_Br_0304                               
0225BONUSL000000,00000000280837,D,Yearly Salary for Month :10/2019-Org_Br_0225                               
0460BONUSL000000,00000000178195,D,Yearly Salary for Month :10/2019-Org_Br_0460                               
0415BONUSL000000,00000000238534,D,Yearly Salary for Month :10/2019-Org_Br_0415                               
0444BONUSL000000,00000000129459,D,Yearly Salary for Month :10/2019-Org_Br_0444                               
0442BONUSL000000,00000000283682,D,Yearly Salary for Month :10/2019-Org_Br_0442                               
0470BONUSL000000,00000000210839,D,Yearly Salary for Month :10/2019-Org_Br_0470                               
0130BONUSL000000,00000000379522,D,Yearly Salary for Month :10/2019-Org_Br_0130                               
0405BONUSL000000,00000000200845,D,Yearly Salary for Month :10/2019-Org_Br_0405                               
0219BONUSL000000,00000000231403,D,Yearly Salary for Month :10/2019-Org_Br_0219                               
0126BONUSL000000,00000000485644,D,Yearly Salary for Month :10/2019-Org_Br_0126                               
0431BONUSL000000,00000000161487,D,Yearly Salary for Month :10/2019-Org_Br_0431                               
0114BONUSL000000,00000000848550,D,Yearly Salary for Month :10/2019-Org_Br_0114                               
0451BONUSL000000,00000000145434,D,Yearly Salary for Month :10/2019-Org_Br_0451                               
0429BONUSL000000,00000000233079,D,Yearly Salary for Month :10/2019-Org_Br_0429                               
0217BONUSL000000,00000000179869,D,Yearly Salary for Month :10/2019-Org_Br_0217                               
0122BONUSL000000,00000000385144,D,Yearly Salary for Month :10/2019-Org_Br_0122                               
0522BONUSL000000,00000000113320,D,Yearly Salary for Month :10/2019-Org_Br_0522                               
0518BONUSL000000,00000000145613,D,Yearly Salary for Month :10/2019-Org_Br_0518                               
0202BONUSL000000,00000000195232,D,Yearly Salary for Month :10/2019-Org_Br_0202                               
0321BONUSL000000,00000000112385,D,Yearly Salary for Month :10/2019-Org_Br_0321                               
0428BONUSL000000,00000000112952,D,Yearly Salary for Month :10/2019-Org_Br_0428                               
0236BONUSL000000,00000000174871,D,Yearly Salary for Month :10/2019-Org_Br_0236                               
0464BONUSL000000,00000000281555,D,Yearly Salary for Month :10/2019-Org_Br_0464                               
0448BONUSL000000,00000000161868,D,Yearly Salary for Month :10/2019-Org_Br_0448                               
0232BONUSL000000,00000000201725,D,Yearly Salary for Month :10/2019-Org_Br_0232                               
0318BONUSL000000,00000000368306,D,Yearly Salary for Month :10/2019-Org_Br_0318                               
0334BONUSL000000,00000000279300,D,Yearly Salary for Month :10/2019-Org_Br_0334                               
0503BONUSL000000,00000000330224,D,Yearly Salary for Month :10/2019-Org_Br_0503                               
0330BONUSL000000,00000000275245,D,Yearly Salary for Month :10/2019-Org_Br_0330                               
0115BONUSL000000,00000000173661,D,Yearly Salary for Month :10/2019-Org_Br_0115                               
0427BONUSL000000,00000000179272,D,Yearly Salary for Month :10/2019-Org_Br_0427                               
0510BONUSL000000,00000000128407,D,Yearly Salary for Month :10/2019-Org_Br_0510                               
0110BONUSL000000,00000000231081,D,Yearly Salary for Month :10/2019-Org_Br_0110                               
0515BONUSL000000,00000000130591,D,Yearly Salary for Month :10/2019-Org_Br_0515                               
0507BONUSL000000,00000000276083,D,Yearly Salary for Month :10/2019-Org_Br_0507                               
0505BONUSL000000,00000000228549,D,Yearly Salary for Month :10/2019-Org_Br_0505                               
0449BONUSL000000,00000000110578,D,Yearly Salary for Month :10/2019-Org_Br_0449                               
0521BONUSL000000,00000000216582,D,Yearly Salary for Month :10/2019-Org_Br_0521                               
0436BONUSL000000,00000000328388,D,Yearly Salary for Month :10/2019-Org_Br_0436                               
0421BONUSL000000,00000000183954,D,Yearly Salary for Month :10/2019-Org_Br_0421                               
0224BONUSL000000,00000000376832,D,Yearly Salary for Month :10/2019-Org_Br_0224                               
0117BONUSL000000,00000000394809,D,Yearly Salary for Month :10/2019-Org_Br_0117                               
0402BONUSL000000,00000000174678,D,Yearly Salary for Month :10/2019-Org_Br_0402                               
0430BONUSL000000,00000000217294,D,Yearly Salary for Month :10/2019-Org_Br_0430                               
0120BONUSL000000,00000000107681,D,Yearly Salary for Month :10/2019-Org_Br_0120                               
0218BONUSL000000,00000000202577,D,Yearly Salary for Month :10/2019-Org_Br_0218                               
0407BONUSL000000,00000000219974,D,Yearly Salary for Month :10/2019-Org_Br_0407                               
0237BONUSL000000,00000000228602,D,Yearly Salary for Month :10/2019-Org_Br_0237                               
0136BONUSL000000,00000000203526,D,Yearly Salary for Month :10/2019-Org_Br_0136                               
0326BONUSL000000,00000000376190,D,Yearly Salary for Month :10/2019-Org_Br_0326                               
0519BONUSL000000,00000000174806,D,Yearly Salary for Month :10/2019-Org_Br_0519                               
0227BONUSL000000,00000000240672,D,Yearly Salary for Month :10/2019-Org_Br_0227                               
0134BONUSL000000,00000000207619,D,Yearly Salary for Month :10/2019-Org_Br_0134                               
0316BONUSL000000,00000000139828,D,Yearly Salary for Month :10/2019-Org_Br_0316                               
0203BONUSL000000,00000000205681,D,Yearly Salary for Month :10/2019-Org_Br_0203                               
0106BONUSL000000,00000000405736,D,Yearly Salary for Month :10/2019-Org_Br_0106                               
0504BONUSL000000,00000000219837,D,Yearly Salary for Month :10/2019-Org_Br_0504                               
0457BONUSL000000,00000000162513,D,Yearly Salary for Month :10/2019-Org_Br_0457                               
0462BONUSL000000,00000000222875,D,Yearly Salary for Month :10/2019-Org_Br_0462                               
0229BONUSL000000,00000000153595,D,Yearly Salary for Month :10/2019-Org_Br_0229                               
0137BONUSL000000,00000000199701,D,Yearly Salary for Month :10/2019-Org_Br_0137                               
0226BONUSL000000,00000000298020,D,Yearly Salary for Month :10/2019-Org_Br_0226                               
0508BONUSL000000,00000000142595,D,Yearly Salary for Month :10/2019-Org_Br_0508                               
0328BONUSL000000,00000000184152,D,Yearly Salary for Month :10/2019-Org_Br_0328                               
0445BONUSL000000,00000000094597,D,Yearly Salary for Month :10/2019-Org_Br_0445                               
0517BONUSL000000,00000000122269,D,Yearly Salary for Month :10/2019-Org_Br_0517                               
0419BONUSL000000,00000000313186,D,Yearly Salary for Month :10/2019-Org_Br_0419                               
0426BONUSL000000,00000000094128,D,Yearly Salary for Month :10/2019-Org_Br_0426                               
0228BONUSL000000,00000000316509,D,Yearly Salary for Month :10/2019-Org_Br_0228                               
0128BONUSL000000,00000000399946,D,Yearly Salary for Month :10/2019-Org_Br_0128                               
0302BONUSL000000,00000000198909,D,Yearly Salary for Month :10/2019-Org_Br_0302                               
0204BONUSL000000,00000000253457,D,Yearly Salary for Month :10/2019-Org_Br_0204                               
0438BONUSL000000,00000000217495,D,Yearly Salary for Month :10/2019-Org_Br_0438                               
0453BONUSL000000,00000000150704,D,Yearly Salary for Month :10/2019-Org_Br_0453                               
0336BONUSL000000,00000000257797,D,Yearly Salary for Month :10/2019-Org_Br_0336                               
0439BONUSL000000,00000000094597,D,Yearly Salary for Month :10/2019-Org_Br_0439                               
0335BONUSL000000,00000000140909,D,Yearly Salary for Month :10/2019-Org_Br_0335                               
0001YRTDS000000,00000001452716,C,Yearly Salary Tds for Month :10/2019-Org_Br_0001                           
0424YRTDS000000,00000000000000,C,Yearly Salary Tds for Month :10/2019-Org_Br_0424                           
0124YRTDS000000,00000000017326,C,Yearly Salary Tds for Month :10/2019-Org_Br_0124                           
0406YRTDS000000,00000000022180,C,Yearly Salary Tds for Month :10/2019-Org_Br_0406                           
0418YRTDS000000,00000000039162,C,Yearly Salary Tds for Month :10/2019-Org_Br_0418                           
0331YRTDS000000,00000000000000,C,Yearly Salary Tds for Month :10/2019-Org_Br_0331                           
0207YRTDS000000,00000000010921,C,Yearly Salary Tds for Month :10/2019-Org_Br_0207                           
0238YRTDS000000,00000000010866,C,Yearly Salary Tds for Month :10/2019-Org_Br_0238                           
0002YRTDS000000,00000000161581,C,Yearly Salary Tds for Month :10/2019-Org_Br_0002                           
0450YRTDS000000,00000000010924,C,Yearly Salary Tds for Month :10/2019-Org_Br_0450                           
0466YRTDS000000,00000000036419,C,Yearly Salary Tds for Month :10/2019-Org_Br_0466                           
0309YRTDS000000,00000000028666,C,Yearly Salary Tds for Month :10/2019-Org_Br_0309                           
0116YRTDS000000,00000000021914,C,Yearly Salary Tds for Month :10/2019-Org_Br_0116                           
0220YRTDS000000,00000000055303,C,Yearly Salary Tds for Month :10/2019-Org_Br_0220                           
0502YRTDS000000,00000000027316,C,Yearly Salary Tds for Month :10/2019-Org_Br_0502                           
0123YRTDS000000,00000000019258,C,Yearly Salary Tds for Month :10/2019-Org_Br_0123                           
0102YRTDS000000,00000000009254,C,Yearly Salary Tds for Month :10/2019-Org_Br_0102                           
0135YRTDS000000,00000000010864,C,Yearly Salary Tds for Month :10/2019-Org_Br_0135                           
0213YRTDS000000,00000000018148,C,Yearly Salary Tds for Month :10/2019-Org_Br_0213                           
0404YRTDS000000,00000000000000,C,Yearly Salary Tds for Month :10/2019-Org_Br_0404                           
0303YRTDS000000,00000000013042,C,Yearly Salary Tds for Month :10/2019-Org_Br_0303                           
0332YRTDS000000,00000000035700,C,Yearly Salary Tds for Month :10/2019-Org_Br_0332                           
0525YRTDS000000,00000000033454,C,Yearly Salary Tds for Month :10/2019-Org_Br_0525                           
0307YRTDS000000,00000000057718,C,Yearly Salary Tds for Month :10/2019-Org_Br_0307                           
0325YRTDS000000,00000000010991,C,Yearly Salary Tds for Month :10/2019-Org_Br_0325                           
0209YRTDS000000,00000000006111,C,Yearly Salary Tds for Month :10/2019-Org_Br_0209                           
0310YRTDS000000,00000000032361,C,Yearly Salary Tds for Month :10/2019-Org_Br_0310                           
0210YRTDS000000,00000000149783,C,Yearly Salary Tds for Month :10/2019-Org_Br_0210                           
0324YRTDS000000,00000000022930,C,Yearly Salary Tds for Month :10/2019-Org_Br_0324                           
0423YRTDS000000,00000000037986,C,Yearly Salary Tds for Month :10/2019-Org_Br_0423                           
0417YRTDS000000,00000000008948,C,Yearly Salary Tds for Month :10/2019-Org_Br_0417                           
0233YRTDS000000,00000000035127,C,Yearly Salary Tds for Month :10/2019-Org_Br_0233                           
0311YRTDS000000,00000000041442,C,Yearly Salary Tds for Month :10/2019-Org_Br_0311                           
0119YRTDS000000,00000000039191,C,Yearly Salary Tds for Month :10/2019-Org_Br_0119                           
0234YRTDS000000,00000000035773,C,Yearly Salary Tds for Month :10/2019-Org_Br_0234                           
0206YRTDS000000,00000000030152,C,Yearly Salary Tds for Month :10/2019-Org_Br_0206                           
0447YRTDS000000,00000000022090,C,Yearly Salary Tds for Month :10/2019-Org_Br_0447                           
0458YRTDS000000,00000000040372,C,Yearly Salary Tds for Month :10/2019-Org_Br_0458                           
0401YRTDS000000,00000000027895,C,Yearly Salary Tds for Month :10/2019-Org_Br_0401                           
0514YRTDS000000,00000000010746,C,Yearly Salary Tds for Month :10/2019-Org_Br_0514                           
0125YRTDS000000,00000000010989,C,Yearly Salary Tds for Month :10/2019-Org_Br_0125                           
0465YRTDS000000,00000000000000,C,Yearly Salary Tds for Month :10/2019-Org_Br_0465                           
0212YRTDS000000,00000000054673,C,Yearly Salary Tds for Month :10/2019-Org_Br_0212                           
0432YRTDS000000,00000000039345,C,Yearly Salary Tds for Month :10/2019-Org_Br_0432                           
0454YRTDS000000,00000000020525,C,Yearly Salary Tds for Month :10/2019-Org_Br_0454                           
0129YRTDS000000,00000000041275,C,Yearly Salary Tds for Month :10/2019-Org_Br_0129                           
0435YRTDS000000,00000000000000,C,Yearly Salary Tds for Month :10/2019-Org_Br_0435                           
0409YRTDS000000,00000000000000,C,Yearly Salary Tds for Month :10/2019-Org_Br_0409                           
0329YRTDS000000,00000000041571,C,Yearly Salary Tds for Month :10/2019-Org_Br_0329                           
0208YRTDS000000,00000000014241,C,Yearly Salary Tds for Month :10/2019-Org_Br_0208                           
0211YRTDS000000,00000000000000,C,Yearly Salary Tds for Month :10/2019-Org_Br_0211                           
0312YRTDS000000,00000000052925,C,Yearly Salary Tds for Month :10/2019-Org_Br_0312                           
0109YRTDS000000,00000000000000,C,Yearly Salary Tds for Month :10/2019-Org_Br_0109                           
0111YRTDS000000,00000000082128,C,Yearly Salary Tds for Month :10/2019-Org_Br_0111                           
0411YRTDS000000,00000000043966,C,Yearly Salary Tds for Month :10/2019-Org_Br_0411                           
0433YRTDS000000,00000000000000,C,Yearly Salary Tds for Month :10/2019-Org_Br_0433                           
0113YRTDS000000,00000000022943,C,Yearly Salary Tds for Month :10/2019-Org_Br_0113                           
0501YRTDS000000,00000000027157,C,Yearly Salary Tds for Month :10/2019-Org_Br_0501                           
0201YRTDS000000,00000000021407,C,Yearly Salary Tds for Month :10/2019-Org_Br_0201                           
0313YRTDS000000,00000000047844,C,Yearly Salary Tds for Month :10/2019-Org_Br_0313                           
0205YRTDS000000,00000000033945,C,Yearly Salary Tds for Month :10/2019-Org_Br_0205                           
0416YRTDS000000,00000000008795,C,Yearly Salary Tds for Month :10/2019-Org_Br_0416                           
0452YRTDS000000,00000000018205,C,Yearly Salary Tds for Month :10/2019-Org_Br_0452                           
0315YRTDS000000,00000000039924,C,Yearly Salary Tds for Month :10/2019-Org_Br_0315                           
0440YRTDS000000,00000000010746,C,Yearly Salary Tds for Month :10/2019-Org_Br_0440                           
0230YRTDS000000,00000000041752,C,Yearly Salary Tds for Month :10/2019-Org_Br_0230                           
0333YRTDS000000,00000000045383,C,Yearly Salary Tds for Month :10/2019-Org_Br_0333                           
0308YRTDS000000,00000000040151,C,Yearly Salary Tds for Month :10/2019-Org_Br_0308                           
0468YRTDS000000,00000000026042,C,Yearly Salary Tds for Month :10/2019-Org_Br_0468                           
0305YRTDS000000,00000000010864,C,Yearly Salary Tds for Month :10/2019-Org_Br_0305                           
0322YRTDS000000,00000000057714,C,Yearly Salary Tds for Month :10/2019-Org_Br_0322                           
0463YRTDS000000,00000000013813,C,Yearly Salary Tds for Month :10/2019-Org_Br_0463                           
0459YRTDS000000,00000000057672,C,Yearly Salary Tds for Month :10/2019-Org_Br_0459                           
0108YRTDS000000,00000000010629,C,Yearly Salary Tds for Month :10/2019-Org_Br_0108                           
0223YRTDS000000,00000000016517,C,Yearly Salary Tds for Month :10/2019-Org_Br_0223                           
0101YRTDS000000,00000000037783,C,Yearly Salary Tds for Month :10/2019-Org_Br_0101                           
0131YRTDS000000,00000000034432,C,Yearly Salary Tds for Month :10/2019-Org_Br_0131                           
0314YRTDS000000,00000000008052,C,Yearly Salary Tds for Month :10/2019-Org_Br_0314                           
0446YRTDS000000,00000000028858,C,Yearly Salary Tds for Month :10/2019-Org_Br_0446                           
0105YRTDS000000,00000000018916,C,Yearly Salary Tds for Month :10/2019-Org_Br_0105                           
0222YRTDS000000,00000000055106,C,Yearly Salary Tds for Month :10/2019-Org_Br_0222                           
0467YRTDS000000,00000000033023,C,Yearly Salary Tds for Month :10/2019-Org_Br_0467                           
0461YRTDS000000,00000000030667,C,Yearly Salary Tds for Month :10/2019-Org_Br_0461                           
0118YRTDS000000,00000000034337,C,Yearly Salary Tds for Month :10/2019-Org_Br_0118                           
0413YRTDS000000,00000000023886,C,Yearly Salary Tds for Month :10/2019-Org_Br_0413                           
0306YRTDS000000,00000000068896,C,Yearly Salary Tds for Month :10/2019-Org_Br_0306                           
0132YRTDS000000,00000000021167,C,Yearly Salary Tds for Month :10/2019-Org_Br_0132                           
0456YRTDS000000,00000000040459,C,Yearly Salary Tds for Month :10/2019-Org_Br_0456                           
0327YRTDS000000,00000000120826,C,Yearly Salary Tds for Month :10/2019-Org_Br_0327                           
0107YRTDS000000,00000000040291,C,Yearly Salary Tds for Month :10/2019-Org_Br_0107                           
0403YRTDS000000,00000000010992,C,Yearly Salary Tds for Month :10/2019-Org_Br_0403                           
0103YRTDS000000,00000000013295,C,Yearly Salary Tds for Month :10/2019-Org_Br_0103                           
0301YRTDS000000,00000000010919,C,Yearly Salary Tds for Month :10/2019-Org_Br_0301                           
0319YRTDS000000,00000000063120,C,Yearly Salary Tds for Month :10/2019-Org_Br_0319                           
0112YRTDS000000,00000000046375,C,Yearly Salary Tds for Month :10/2019-Org_Br_0112                           
0410YRTDS000000,00000000035896,C,Yearly Salary Tds for Month :10/2019-Org_Br_0410                           
0408YRTDS000000,00000000010860,C,Yearly Salary Tds for Month :10/2019-Org_Br_0408                           
0455YRTDS000000,00000000022969,C,Yearly Salary Tds for Month :10/2019-Org_Br_0455                           
0214YRTDS000000,00000000029290,C,Yearly Salary Tds for Month :10/2019-Org_Br_0214                           
0121YRTDS000000,00000000008257,C,Yearly Salary Tds for Month :10/2019-Org_Br_0121                           
0420YRTDS000000,00000000015052,C,Yearly Salary Tds for Month :10/2019-Org_Br_0420                           
0138YRTDS000000,00000000021915,C,Yearly Salary Tds for Month :10/2019-Org_Br_0138                           
0317YRTDS000000,00000000001598,C,Yearly Salary Tds for Month :10/2019-Org_Br_0317                           
0221YRTDS000000,00000000029387,C,Yearly Salary Tds for Month :10/2019-Org_Br_0221                           
0422YRTDS000000,00000000000000,C,Yearly Salary Tds for Month :10/2019-Org_Br_0422                           
0215YRTDS000000,00000000010743,C,Yearly Salary Tds for Month :10/2019-Org_Br_0215                           
0216YRTDS000000,00000000010802,C,Yearly Salary Tds for Month :10/2019-Org_Br_0216                           
0323YRTDS000000,00000000037024,C,Yearly Salary Tds for Month :10/2019-Org_Br_0323                           
0104YRTDS000000,00000000000000,C,Yearly Salary Tds for Month :10/2019-Org_Br_0104                           
0412YRTDS000000,00000000045175,C,Yearly Salary Tds for Month :10/2019-Org_Br_0412                           
0127YRTDS000000,00000000018209,C,Yearly Salary Tds for Month :10/2019-Org_Br_0127                           
0414YRTDS000000,00000000021817,C,Yearly Salary Tds for Month :10/2019-Org_Br_0414                           
0425YRTDS000000,00000000018650,C,Yearly Salary Tds for Month :10/2019-Org_Br_0425                           
0320YRTDS000000,00000000010924,C,Yearly Salary Tds for Month :10/2019-Org_Br_0320                           
0304YRTDS000000,00000000011057,C,Yearly Salary Tds for Month :10/2019-Org_Br_0304                           
0225YRTDS000000,00000000013001,C,Yearly Salary Tds for Month :10/2019-Org_Br_0225                           
0460YRTDS000000,00000000029372,C,Yearly Salary Tds for Month :10/2019-Org_Br_0460                           
0415YRTDS000000,00000000037252,C,Yearly Salary Tds for Month :10/2019-Org_Br_0415                           
0444YRTDS000000,00000000014392,C,Yearly Salary Tds for Month :10/2019-Org_Br_0444                           
0442YRTDS000000,00000000000000,C,Yearly Salary Tds for Month :10/2019-Org_Br_0442                           
0470YRTDS000000,00000000020528,C,Yearly Salary Tds for Month :10/2019-Org_Br_0470                           
0130YRTDS000000,00000000000000,C,Yearly Salary Tds for Month :10/2019-Org_Br_0130                           
0405YRTDS000000,00000000030260,C,Yearly Salary Tds for Month :10/2019-Org_Br_0405                           
0219YRTDS000000,00000000025040,C,Yearly Salary Tds for Month :10/2019-Org_Br_0219                           
0126YRTDS000000,00000000035371,C,Yearly Salary Tds for Month :10/2019-Org_Br_0126                           
0431YRTDS000000,00000000000000,C,Yearly Salary Tds for Month :10/2019-Org_Br_0431                           
0114YRTDS000000,00000000038543,C,Yearly Salary Tds for Month :10/2019-Org_Br_0114                           
0451YRTDS000000,00000000026187,C,Yearly Salary Tds for Month :10/2019-Org_Br_0451                           
0429YRTDS000000,00000000016484,C,Yearly Salary Tds for Month :10/2019-Org_Br_0429                           
0217YRTDS000000,00000000010806,C,Yearly Salary Tds for Month :10/2019-Org_Br_0217                           
0122YRTDS000000,00000000034089,C,Yearly Salary Tds for Month :10/2019-Org_Br_0122                           
0522YRTDS000000,00000000020337,C,Yearly Salary Tds for Month :10/2019-Org_Br_0522                           
0518YRTDS000000,00000000019977,C,Yearly Salary Tds for Month :10/2019-Org_Br_0518                           
0202YRTDS000000,00000000010993,C,Yearly Salary Tds for Month :10/2019-Org_Br_0202                           
0321YRTDS000000,00000000032689,C,Yearly Salary Tds for Month :10/2019-Org_Br_0321                           
0428YRTDS000000,00000000018744,C,Yearly Salary Tds for Month :10/2019-Org_Br_0428                           
0236YRTDS000000,00000000000000,C,Yearly Salary Tds for Month :10/2019-Org_Br_0236                           
0464YRTDS000000,00000000000000,C,Yearly Salary Tds for Month :10/2019-Org_Br_0464                           
0448YRTDS000000,00000000018772,C,Yearly Salary Tds for Month :10/2019-Org_Br_0448                           
0232YRTDS000000,00000000032485,C,Yearly Salary Tds for Month :10/2019-Org_Br_0232                           
0318YRTDS000000,00000000013959,C,Yearly Salary Tds for Month :10/2019-Org_Br_0318                           
0334YRTDS000000,00000000022699,C,Yearly Salary Tds for Month :10/2019-Org_Br_0334                           
0503YRTDS000000,00000000046391,C,Yearly Salary Tds for Month :10/2019-Org_Br_0503                           
0330YRTDS000000,00000000023247,C,Yearly Salary Tds for Month :10/2019-Org_Br_0330                           
0115YRTDS000000,00000000029255,C,Yearly Salary Tds for Month :10/2019-Org_Br_0115                           
0427YRTDS000000,00000000015209,C,Yearly Salary Tds for Month :10/2019-Org_Br_0427                           
0510YRTDS000000,00000000022246,C,Yearly Salary Tds for Month :10/2019-Org_Br_0510                           
0110YRTDS000000,00000000014349,C,Yearly Salary Tds for Month :10/2019-Org_Br_0110                           
0515YRTDS000000,00000000000000,C,Yearly Salary Tds for Month :10/2019-Org_Br_0515                           
0507YRTDS000000,00000000000000,C,Yearly Salary Tds for Month :10/2019-Org_Br_0507                           
0505YRTDS000000,00000000023097,C,Yearly Salary Tds for Month :10/2019-Org_Br_0505                           
0449YRTDS000000,00000000019051,C,Yearly Salary Tds for Month :10/2019-Org_Br_0449                           
0521YRTDS000000,00000000000000,C,Yearly Salary Tds for Month :10/2019-Org_Br_0521                           
0436YRTDS000000,00000000013275,C,Yearly Salary Tds for Month :10/2019-Org_Br_0436                           
0421YRTDS000000,00000000000000,C,Yearly Salary Tds for Month :10/2019-Org_Br_0421                           
0224YRTDS000000,00000000014809,C,Yearly Salary Tds for Month :10/2019-Org_Br_0224                           
0117YRTDS000000,00000000000000,C,Yearly Salary Tds for Month :10/2019-Org_Br_0117                           
0402YRTDS000000,00000000000000,C,Yearly Salary Tds for Month :10/2019-Org_Br_0402                           
0430YRTDS000000,00000000000000,C,Yearly Salary Tds for Month :10/2019-Org_Br_0430                           
0120YRTDS000000,00000000000000,C,Yearly Salary Tds for Month :10/2019-Org_Br_0120                           
0218YRTDS000000,00000000010865,C,Yearly Salary Tds for Month :10/2019-Org_Br_0218                           
0407YRTDS000000,00000000000000,C,Yearly Salary Tds for Month :10/2019-Org_Br_0407                           
0237YRTDS000000,00000000042927,C,Yearly Salary Tds for Month :10/2019-Org_Br_0237                           
0136YRTDS000000,00000000000000,C,Yearly Salary Tds for Month :10/2019-Org_Br_0136                           
0326YRTDS000000,00000000010745,C,Yearly Salary Tds for Month :10/2019-Org_Br_0326                           
0519YRTDS000000,00000000000000,C,Yearly Salary Tds for Month :10/2019-Org_Br_0519                           
0227YRTDS000000,00000000000000,C,Yearly Salary Tds for Month :10/2019-Org_Br_0227                           
0134YRTDS000000,00000000020992,C,Yearly Salary Tds for Month :10/2019-Org_Br_0134                           
0316YRTDS000000,00000000000000,C,Yearly Salary Tds for Month :10/2019-Org_Br_0316                           
0203YRTDS000000,00000000000000,C,Yearly Salary Tds for Month :10/2019-Org_Br_0203                           
0106YRTDS000000,00000000014610,C,Yearly Salary Tds for Month :10/2019-Org_Br_0106                           
0504YRTDS000000,00000000016026,C,Yearly Salary Tds for Month :10/2019-Org_Br_0504                           
0457YRTDS000000,00000000010924,C,Yearly Salary Tds for Month :10/2019-Org_Br_0457                           
0462YRTDS000000,00000000010991,C,Yearly Salary Tds for Month :10/2019-Org_Br_0462                           
0229YRTDS000000,00000000000000,C,Yearly Salary Tds for Month :10/2019-Org_Br_0229                           
0137YRTDS000000,00000000000000,C,Yearly Salary Tds for Month :10/2019-Org_Br_0137                           
0226YRTDS000000,00000000017226,C,Yearly Salary Tds for Month :10/2019-Org_Br_0226                           
0508YRTDS000000,00000000000000,C,Yearly Salary Tds for Month :10/2019-Org_Br_0508                           
0328YRTDS000000,00000000000000,C,Yearly Salary Tds for Month :10/2019-Org_Br_0328                           
0445YRTDS000000,00000000000000,C,Yearly Salary Tds for Month :10/2019-Org_Br_0445                           
0517YRTDS000000,00000000000000,C,Yearly Salary Tds for Month :10/2019-Org_Br_0517                           
0419YRTDS000000,00000000000000,C,Yearly Salary Tds for Month :10/2019-Org_Br_0419                           
0426YRTDS000000,00000000000000,C,Yearly Salary Tds for Month :10/2019-Org_Br_0426                           
0228YRTDS000000,00000000000000,C,Yearly Salary Tds for Month :10/2019-Org_Br_0228                           
0128YRTDS000000,00000000000000,C,Yearly Salary Tds for Month :10/2019-Org_Br_0128                           
0302YRTDS000000,00000000000000,C,Yearly Salary Tds for Month :10/2019-Org_Br_0302                           
0204YRTDS000000,00000000000000,C,Yearly Salary Tds for Month :10/2019-Org_Br_0204                           
0438YRTDS000000,00000000000000,C,Yearly Salary Tds for Month :10/2019-Org_Br_0438                           
0453YRTDS000000,00000000000000,C,Yearly Salary Tds for Month :10/2019-Org_Br_0453                           
0336YRTDS000000,00000000000000,C,Yearly Salary Tds for Month :10/2019-Org_Br_0336                           
0439YRTDS000000,00000000000000,C,Yearly Salary Tds for Month :10/2019-Org_Br_0439                           
0335YRTDS000000,00000000000000,C,Yearly Salary Tds for Month :10/2019-Org_Br_0335                           
0001EDUL 000000,00000000058800,D,Yearly Salary for Month :10/2019-Org_Br_0001                               
0424EDUL 000000,00000000000700,D,Yearly Salary for Month :10/2019-Org_Br_0424                               
0124EDUL 000000,00000000000700,D,Yearly Salary for Month :10/2019-Org_Br_0124                               
0406EDUL 000000,00000000001750,D,Yearly Salary for Month :10/2019-Org_Br_0406                               
0418EDUL 000000,00000000002100,D,Yearly Salary for Month :10/2019-Org_Br_0418                               
0331EDUL 000000,00000000001050,D,Yearly Salary for Month :10/2019-Org_Br_0331                               
0207EDUL 000000,00000000001750,D,Yearly Salary for Month :10/2019-Org_Br_0207                               
0238EDUL 000000,00000000001050,D,Yearly Salary for Month :10/2019-Org_Br_0238                               
0002EDUL 000000,00000000008750,D,Yearly Salary for Month :10/2019-Org_Br_0002                               
0450EDUL 000000,00000000001400,D,Yearly Salary for Month :10/2019-Org_Br_0450                               
0466EDUL 000000,00000000000350,D,Yearly Salary for Month :10/2019-Org_Br_0466                               
0309EDUL 000000,00000000001400,D,Yearly Salary for Month :10/2019-Org_Br_0309                               
0116EDUL 000000,00000000001750,D,Yearly Salary for Month :10/2019-Org_Br_0116                               
0220EDUL 000000,00000000001050,D,Yearly Salary for Month :10/2019-Org_Br_0220                               
0502EDUL 000000,00000000001400,D,Yearly Salary for Month :10/2019-Org_Br_0502                               
0123EDUL 000000,00000000001750,D,Yearly Salary for Month :10/2019-Org_Br_0123                               
0102EDUL 000000,00000000001400,D,Yearly Salary for Month :10/2019-Org_Br_0102                               
0135EDUL 000000,00000000001050,D,Yearly Salary for Month :10/2019-Org_Br_0135                               
0213EDUL 000000,00000000003150,D,Yearly Salary for Month :10/2019-Org_Br_0213                               
0404EDUL 000000,00000000001050,D,Yearly Salary for Month :10/2019-Org_Br_0404                               
0303EDUL 000000,00000000000350,D,Yearly Salary for Month :10/2019-Org_Br_0303                               
0332EDUL 000000,00000000001750,D,Yearly Salary for Month :10/2019-Org_Br_0332                               
0525EDUL 000000,00000000000350,D,Yearly Salary for Month :10/2019-Org_Br_0525                               
0307EDUL 000000,00000000001400,D,Yearly Salary for Month :10/2019-Org_Br_0307                               
0325EDUL 000000,00000000002450,D,Yearly Salary for Month :10/2019-Org_Br_0325                               
0209EDUL 000000,00000000001750,D,Yearly Salary for Month :10/2019-Org_Br_0209                               
0310EDUL 000000,00000000001050,D,Yearly Salary for Month :10/2019-Org_Br_0310                               
0210EDUL 000000,00000000001050,D,Yearly Salary for Month :10/2019-Org_Br_0210                               
0324EDUL 000000,00000000001400,D,Yearly Salary for Month :10/2019-Org_Br_0324                               
0423EDUL 000000,00000000000700,D,Yearly Salary for Month :10/2019-Org_Br_0423                               
0417EDUL 000000,00000000001050,D,Yearly Salary for Month :10/2019-Org_Br_0417                               
0233EDUL 000000,00000000002100,D,Yearly Salary for Month :10/2019-Org_Br_0233                               
0311EDUL 000000,00000000001400,D,Yearly Salary for Month :10/2019-Org_Br_0311                               
0119EDUL 000000,00000000002100,D,Yearly Salary for Month :10/2019-Org_Br_0119                               
0234EDUL 000000,00000000002800,D,Yearly Salary for Month :10/2019-Org_Br_0234                               
0206EDUL 000000,00000000000000,D,Yearly Salary for Month :10/2019-Org_Br_0206                               
0447EDUL 000000,00000000001400,D,Yearly Salary for Month :10/2019-Org_Br_0447                               
0458EDUL 000000,00000000000000,D,Yearly Salary for Month :10/2019-Org_Br_0458                               
0401EDUL 000000,00000000002100,D,Yearly Salary for Month :10/2019-Org_Br_0401                               
0514EDUL 000000,00000000000700,D,Yearly Salary for Month :10/2019-Org_Br_0514                               
0125EDUL 000000,00000000000000,D,Yearly Salary for Month :10/2019-Org_Br_0125                               
0465EDUL 000000,00000000001400,D,Yearly Salary for Month :10/2019-Org_Br_0465                               
0212EDUL 000000,00000000002800,D,Yearly Salary for Month :10/2019-Org_Br_0212                               
0432EDUL 000000,00000000000000,D,Yearly Salary for Month :10/2019-Org_Br_0432                               
0454EDUL 000000,00000000000000,D,Yearly Salary for Month :10/2019-Org_Br_0454                               
0129EDUL 000000,00000000001400,D,Yearly Salary for Month :10/2019-Org_Br_0129                               
0435EDUL 000000,00000000000350,D,Yearly Salary for Month :10/2019-Org_Br_0435                               
0409EDUL 000000,00000000000000,D,Yearly Salary for Month :10/2019-Org_Br_0409                               
0329EDUL 000000,00000000001750,D,Yearly Salary for Month :10/2019-Org_Br_0329                               
0208EDUL 000000,00000000002450,D,Yearly Salary for Month :10/2019-Org_Br_0208                               
0211EDUL 000000,00000000002100,D,Yearly Salary for Month :10/2019-Org_Br_0211                               
0312EDUL 000000,00000000003850,D,Yearly Salary for Month :10/2019-Org_Br_0312                               
0109EDUL 000000,00000000001750,D,Yearly Salary for Month :10/2019-Org_Br_0109                               
0111EDUL 000000,00000000003500,D,Yearly Salary for Month :10/2019-Org_Br_0111                               
0411EDUL 000000,00000000001750,D,Yearly Salary for Month :10/2019-Org_Br_0411                               
0433EDUL 000000,00000000001400,D,Yearly Salary for Month :10/2019-Org_Br_0433                               
0113EDUL 000000,00000000002800,D,Yearly Salary for Month :10/2019-Org_Br_0113                               
0501EDUL 000000,00000000001050,D,Yearly Salary for Month :10/2019-Org_Br_0501                               
0201EDUL 000000,00000000003150,D,Yearly Salary for Month :10/2019-Org_Br_0201                               
0313EDUL 000000,00000000003500,D,Yearly Salary for Month :10/2019-Org_Br_0313                               
0205EDUL 000000,00000000000000,D,Yearly Salary for Month :10/2019-Org_Br_0205                               
0416EDUL 000000,00000000000700,D,Yearly Salary for Month :10/2019-Org_Br_0416                               
0452EDUL 000000,00000000000000,D,Yearly Salary for Month :10/2019-Org_Br_0452                               
0315EDUL 000000,00000000000350,D,Yearly Salary for Month :10/2019-Org_Br_0315                               
0440EDUL 000000,00000000001400,D,Yearly Salary for Month :10/2019-Org_Br_0440                               
0230EDUL 000000,00000000001400,D,Yearly Salary for Month :10/2019-Org_Br_0230                               
0333EDUL 000000,00000000002100,D,Yearly Salary for Month :10/2019-Org_Br_0333                               
0308EDUL 000000,00000000002100,D,Yearly Salary for Month :10/2019-Org_Br_0308                               
0468EDUL 000000,00000000002800,D,Yearly Salary for Month :10/2019-Org_Br_0468                               
0305EDUL 000000,00000000001050,D,Yearly Salary for Month :10/2019-Org_Br_0305                               
0322EDUL 000000,00000000001750,D,Yearly Salary for Month :10/2019-Org_Br_0322                               
0463EDUL 000000,00000000000350,D,Yearly Salary for Month :10/2019-Org_Br_0463                               
0459EDUL 000000,00000000001750,D,Yearly Salary for Month :10/2019-Org_Br_0459                               
0108EDUL 000000,00000000001400,D,Yearly Salary for Month :10/2019-Org_Br_0108                               
0223EDUL 000000,00000000001400,D,Yearly Salary for Month :10/2019-Org_Br_0223                               
0101EDUL 000000,00000000001400,D,Yearly Salary for Month :10/2019-Org_Br_0101                               
0131EDUL 000000,00000000002100,D,Yearly Salary for Month :10/2019-Org_Br_0131                               
0314EDUL 000000,00000000000350,D,Yearly Salary for Month :10/2019-Org_Br_0314                               
0446EDUL 000000,00000000001400,D,Yearly Salary for Month :10/2019-Org_Br_0446                               
0105EDUL 000000,00000000002100,D,Yearly Salary for Month :10/2019-Org_Br_0105                               
0222EDUL 000000,00000000000000,D,Yearly Salary for Month :10/2019-Org_Br_0222                               
0467EDUL 000000,00000000000700,D,Yearly Salary for Month :10/2019-Org_Br_0467                               
0461EDUL 000000,00000000001750,D,Yearly Salary for Month :10/2019-Org_Br_0461                               
0118EDUL 000000,00000000001050,D,Yearly Salary for Month :10/2019-Org_Br_0118                               
0413EDUL 000000,00000000002100,D,Yearly Salary for Month :10/2019-Org_Br_0413                               
0306EDUL 000000,00000000002100,D,Yearly Salary for Month :10/2019-Org_Br_0306                               
0132EDUL 000000,00000000001400,D,Yearly Salary for Month :10/2019-Org_Br_0132                               
0456EDUL 000000,00000000001750,D,Yearly Salary for Month :10/2019-Org_Br_0456                               
0327EDUL 000000,00000000003500,D,Yearly Salary for Month :10/2019-Org_Br_0327                               
0107EDUL 000000,00000000003500,D,Yearly Salary for Month :10/2019-Org_Br_0107                               
0403EDUL 000000,00000000001750,D,Yearly Salary for Month :10/2019-Org_Br_0403                               
0103EDUL 000000,00000000002450,D,Yearly Salary for Month :10/2019-Org_Br_0103                               
0301EDUL 000000,00000000001050,D,Yearly Salary for Month :10/2019-Org_Br_0301                               
0319EDUL 000000,00000000000000,D,Yearly Salary for Month :10/2019-Org_Br_0319                               
0112EDUL 000000,00000000000350,D,Yearly Salary for Month :10/2019-Org_Br_0112                               
0410EDUL 000000,00000000001750,D,Yearly Salary for Month :10/2019-Org_Br_0410                               
0408EDUL 000000,00000000001750,D,Yearly Salary for Month :10/2019-Org_Br_0408                               
0455EDUL 000000,00000000001400,D,Yearly Salary for Month :10/2019-Org_Br_0455                               
0214EDUL 000000,00000000000700,D,Yearly Salary for Month :10/2019-Org_Br_0214                               
0121EDUL 000000,00000000001400,D,Yearly Salary for Month :10/2019-Org_Br_0121                               
0420EDUL 000000,00000000001400,D,Yearly Salary for Month :10/2019-Org_Br_0420                               
0138EDUL 000000,00000000000700,D,Yearly Salary for Month :10/2019-Org_Br_0138                               
0317EDUL 000000,00000000001050,D,Yearly Salary for Month :10/2019-Org_Br_0317                               
0221EDUL 000000,00000000000700,D,Yearly Salary for Month :10/2019-Org_Br_0221                               
0422EDUL 000000,00000000001050,D,Yearly Salary for Month :10/2019-Org_Br_0422                               
0215EDUL 000000,00000000000700,D,Yearly Salary for Month :10/2019-Org_Br_0215                               
0216EDUL 000000,00000000000000,D,Yearly Salary for Month :10/2019-Org_Br_0216                               
0323EDUL 000000,00000000003150,D,Yearly Salary for Month :10/2019-Org_Br_0323                               
0104EDUL 000000,00000000001400,D,Yearly Salary for Month :10/2019-Org_Br_0104                               
0412EDUL 000000,00000000002800,D,Yearly Salary for Month :10/2019-Org_Br_0412                               
0127EDUL 000000,00000000002100,D,Yearly Salary for Month :10/2019-Org_Br_0127                               
0414EDUL 000000,00000000001050,D,Yearly Salary for Month :10/2019-Org_Br_0414                               
0425EDUL 000000,00000000000700,D,Yearly Salary for Month :10/2019-Org_Br_0425                               
0320EDUL 000000,00000000002450,D,Yearly Salary for Month :10/2019-Org_Br_0320                               
0304EDUL 000000,00000000002450,D,Yearly Salary for Month :10/2019-Org_Br_0304                               
0225EDUL 000000,00000000001400,D,Yearly Salary for Month :10/2019-Org_Br_0225                               
0460EDUL 000000,00000000000700,D,Yearly Salary for Month :10/2019-Org_Br_0460                               
0415EDUL 000000,00000000001400,D,Yearly Salary for Month :10/2019-Org_Br_0415                               
0444EDUL 000000,00000000000700,D,Yearly Salary for Month :10/2019-Org_Br_0444                               
0442EDUL 000000,00000000000000,D,Yearly Salary for Month :10/2019-Org_Br_0442                               
0470EDUL 000000,00000000000700,D,Yearly Salary for Month :10/2019-Org_Br_0470                               
0130EDUL 000000,00000000002800,D,Yearly Salary for Month :10/2019-Org_Br_0130                               
0405EDUL 000000,00000000001050,D,Yearly Salary for Month :10/2019-Org_Br_0405                               
0219EDUL 000000,00000000001050,D,Yearly Salary for Month :10/2019-Org_Br_0219                               
0126EDUL 000000,00000000000000,D,Yearly Salary for Month :10/2019-Org_Br_0126                               
0431EDUL 000000,00000000001050,D,Yearly Salary for Month :10/2019-Org_Br_0431                               
0114EDUL 000000,00000000004900,D,Yearly Salary for Month :10/2019-Org_Br_0114                               
0451EDUL 000000,00000000000350,D,Yearly Salary for Month :10/2019-Org_Br_0451                               
0429EDUL 000000,00000000001050,D,Yearly Salary for Month :10/2019-Org_Br_0429                               
0217EDUL 000000,00000000001400,D,Yearly Salary for Month :10/2019-Org_Br_0217                               
0122EDUL 000000,00000000002450,D,Yearly Salary for Month :10/2019-Org_Br_0122                               
0522EDUL 000000,00000000000700,D,Yearly Salary for Month :10/2019-Org_Br_0522                               
0518EDUL 000000,00000000000000,D,Yearly Salary for Month :10/2019-Org_Br_0518                               
0202EDUL 000000,00000000001050,D,Yearly Salary for Month :10/2019-Org_Br_0202                               
0321EDUL 000000,00000000000350,D,Yearly Salary for Month :10/2019-Org_Br_0321                               
0428EDUL 000000,00000000000700,D,Yearly Salary for Month :10/2019-Org_Br_0428                               
0236EDUL 000000,00000000001050,D,Yearly Salary for Month :10/2019-Org_Br_0236                               
0464EDUL 000000,00000000001400,D,Yearly Salary for Month :10/2019-Org_Br_0464                               
0448EDUL 000000,00000000000700,D,Yearly Salary for Month :10/2019-Org_Br_0448                               
0232EDUL 000000,00000000001050,D,Yearly Salary for Month :10/2019-Org_Br_0232                               
0318EDUL 000000,00000000000000,D,Yearly Salary for Month :10/2019-Org_Br_0318                               
0334EDUL 000000,00000000001750,D,Yearly Salary for Month :10/2019-Org_Br_0334                               
0503EDUL 000000,00000000002100,D,Yearly Salary for Month :10/2019-Org_Br_0503                               
0330EDUL 000000,00000000001400,D,Yearly Salary for Month :10/2019-Org_Br_0330                               
0115EDUL 000000,00000000001400,D,Yearly Salary for Month :10/2019-Org_Br_0115                               
0427EDUL 000000,00000000001050,D,Yearly Salary for Month :10/2019-Org_Br_0427                               
0510EDUL 000000,00000000000700,D,Yearly Salary for Month :10/2019-Org_Br_0510                               
0110EDUL 000000,00000000001750,D,Yearly Salary for Month :10/2019-Org_Br_0110                               
0515EDUL 000000,00000000001050,D,Yearly Salary for Month :10/2019-Org_Br_0515                               
0507EDUL 000000,00000000001750,D,Yearly Salary for Month :10/2019-Org_Br_0507                               
0505EDUL 000000,00000000001400,D,Yearly Salary for Month :10/2019-Org_Br_0505                               
0449EDUL 000000,00000000000000,D,Yearly Salary for Month :10/2019-Org_Br_0449                               
0521EDUL 000000,00000000000000,D,Yearly Salary for Month :10/2019-Org_Br_0521                               
0436EDUL 000000,00000000001750,D,Yearly Salary for Month :10/2019-Org_Br_0436                               
0421EDUL 000000,00000000001050,D,Yearly Salary for Month :10/2019-Org_Br_0421                               
0224EDUL 000000,00000000002450,D,Yearly Salary for Month :10/2019-Org_Br_0224                               
0117EDUL 000000,00000000002800,D,Yearly Salary for Month :10/2019-Org_Br_0117                               
0402EDUL 000000,00000000001050,D,Yearly Salary for Month :10/2019-Org_Br_0402                               
0430EDUL 000000,00000000000000,D,Yearly Salary for Month :10/2019-Org_Br_0430                               
0120EDUL 000000,00000000000700,D,Yearly Salary for Month :10/2019-Org_Br_0120                               
0218EDUL 000000,00000000000000,D,Yearly Salary for Month :10/2019-Org_Br_0218                               
0407EDUL 000000,00000000001050,D,Yearly Salary for Month :10/2019-Org_Br_0407                               
0237EDUL 000000,00000000001400,D,Yearly Salary for Month :10/2019-Org_Br_0237                               
0136EDUL 000000,00000000001050,D,Yearly Salary for Month :10/2019-Org_Br_0136                               
0326EDUL 000000,00000000002450,D,Yearly Salary for Month :10/2019-Org_Br_0326                               
0519EDUL 000000,00000000001050,D,Yearly Salary for Month :10/2019-Org_Br_0519                               
0227EDUL 000000,00000000001050,D,Yearly Salary for Month :10/2019-Org_Br_0227                               
0134EDUL 000000,00000000001050,D,Yearly Salary for Month :10/2019-Org_Br_0134                               
0316EDUL 000000,00000000000350,D,Yearly Salary for Month :10/2019-Org_Br_0316                               
0203EDUL 000000,00000000001400,D,Yearly Salary for Month :10/2019-Org_Br_0203                               
0106EDUL 000000,00000000002800,D,Yearly Salary for Month :10/2019-Org_Br_0106                               
0504EDUL 000000,00000000001400,D,Yearly Salary for Month :10/2019-Org_Br_0504                               
0457EDUL 000000,00000000000700,D,Yearly Salary for Month :10/2019-Org_Br_0457                               
0462EDUL 000000,00000000001750,D,Yearly Salary for Month :10/2019-Org_Br_0462                               
0229EDUL 000000,00000000001400,D,Yearly Salary for Month :10/2019-Org_Br_0229                               
0137EDUL 000000,00000000001050,D,Yearly Salary for Month :10/2019-Org_Br_0137                               
0226EDUL 000000,00000000001750,D,Yearly Salary for Month :10/2019-Org_Br_0226                               
0508EDUL 000000,00000000001050,D,Yearly Salary for Month :10/2019-Org_Br_0508                               
0328EDUL 000000,00000000001400,D,Yearly Salary for Month :10/2019-Org_Br_0328                               
0445EDUL 000000,00000000000000,D,Yearly Salary for Month :10/2019-Org_Br_0445                               
0517EDUL 000000,00000000000700,D,Yearly Salary for Month :10/2019-Org_Br_0517                               
0419EDUL 000000,00000000002100,D,Yearly Salary for Month :10/2019-Org_Br_0419                               
0426EDUL 000000,00000000000700,D,Yearly Salary for Month :10/2019-Org_Br_0426                               
0228EDUL 000000,00000000001750,D,Yearly Salary for Month :10/2019-Org_Br_0228                               
0128EDUL 000000,00000000003150,D,Yearly Salary for Month :10/2019-Org_Br_0128                               
0302EDUL 000000,00000000000700,D,Yearly Salary for Month :10/2019-Org_Br_0302                               
0204EDUL 000000,00000000001750,D,Yearly Salary for Month :10/2019-Org_Br_0204                               
0438EDUL 000000,00000000001400,D,Yearly Salary for Month :10/2019-Org_Br_0438                               
0453EDUL 000000,00000000001050,D,Yearly Salary for Month :10/2019-Org_Br_0453                               
0336EDUL 000000,00000000001400,D,Yearly Salary for Month :10/2019-Org_Br_0336                               
0439EDUL 000000,00000000000350,D,Yearly Salary for Month :10/2019-Org_Br_0439                               
0335EDUL 000000,00000000000700,D,Yearly Salary for Month :10/2019-Org_Br_0335                               
